<?xml version="1.0" encoding="UTF-8"?>
<Elements xmlns="http://schemas.microsoft.com/sharepoint/">

   <Field ID="{63eb12a2-cae6-4b0e-99ac-17a804be2608}" 
        Name="Country" 
        Group="Custom Columns" 
        Type="Text" 
        Hidden="FALSE" 
        DisplayName="Country" 
   />

   <Field ID="{bae8e76a-3719-4998-9857-4f5914f49088}" 
        Name="State" 
        Group="Custom Columns" 
        Type="Text" 
        Hidden="FALSE" 
        DisplayName="State" 
    />

   <Field ID="{6b0b5514-a24e-4c14-90ed-dc3f945d019f}" 
        Name="City" 
        Group="Custom Columns" 
        Type="Text"
        Hidden="FALSE" 
        DisplayName="City" 
    />

   <Field ID="{42e8641a-070c-4999-844d-1cedfb9a8695}" 
        Name="PinCode" 
        Group="Custom Columns" 
        Type="Number" 
        Hidden="FALSE" 
        DisplayName="PinCode" 
    />

   <Field ID="{74fb6201-c7d2-49fe-bb37-2ff5de829a16}" 
        Name="Population" 
        Group="Custom Columns" 
        Type="Number" 
        Hidden="FALSE" 
        DisplayName="Population" 
    />

    <ContentType ID="0x0100c8f8b041d60d4608a4389751f875f053"   
           Name="Area Details"   
           Group="Custom Content Types"   
           Description="Sample content types from web part solution">  
       <FieldRefs>  
            <FieldRef ID="{63eb12a2-cae6-4b0e-99ac-17a804be2608}" />   
            <FieldRef ID="{bae8e76a-3719-4998-9857-4f5914f49088}" />
            <FieldRef ID="{6b0b5514-a24e-4c14-90ed-dc3f945d019f}" />   
            <FieldRef ID="{42e8641a-070c-4999-844d-1cedfb9a8695}" />
            <FieldRef ID="{74fb6201-c7d2-49fe-bb37-2ff5de829a16}" />  
       </FieldRefs>  
    </ContentType>

   <ListInstance 
        CustomSchema="schema.xml" 
        FeatureId="00bfea71-de22-43b2-a848-c05709900100" 
        Title="Area" 
        Description="Area details" 
        TemplateType="100" 
        Url="Lists/Area" 
    />

</Elements>