<List xmlns:ows="Microsoft SharePoint" Title="Basic List" EnableContentTypes="TRUE" FolderCreation="FALSE" Direction="$Resources:Direction;" Url="Lists/Basic List" BaseType="0" xmlns="http://schemas.microsoft.com/sharepoint/">  
 <MetaData>  
   <ContentTypes>
        <ContentTypeRef ID="0x0100c8f8b041d60d4608a4389751f875f053" />  
   </ContentTypes>  
   <Fields>
        
   </Fields>  
   <Views>  
     <View BaseViewID="1" Type="HTML" WebPartZoneID="Main" DisplayName="$Resources:core,objectiv_schema_mwsidcamlidC24;" DefaultView="TRUE" MobileView="TRUE" MobileDefaultView="TRUE" SetupPath="pages\viewpage.aspx" ImageUrl="/_layouts/images/generic.png" Url="AllItems.aspx">  
       <XslLink Default="TRUE">main.xsl</XslLink>  
       <JSLink>clienttemplates.js</JSLink>  
       <RowLimit Paged="TRUE">30</RowLimit>  
       <Toolbar Type="Standard" />  
       <ViewFields>
         <FieldRef Name="Title"></FieldRef>  
         <FieldRef Name="Country"></FieldRef>  
         <FieldRef Name="State"></FieldRef>  
         <FieldRef Name="City"></FieldRef>
         <FieldRef Name="PinCode"></FieldRef>
         <FieldRef Name="Population"></FieldRef>  
       </ViewFields>  
       <Query>  
         <OrderBy>  
           <FieldRef Name="ID" />  
         </OrderBy>  
       </Query>  
     </View>  
   </Views>  
   <Forms>  
     <Form Type="DisplayForm" Url="DispForm.aspx" SetupPath="pages\form.aspx" WebPartZoneID="Main" />  
     <Form Type="EditForm" Url="EditForm.aspx" SetupPath="pages\form.aspx" WebPartZoneID="Main" />  
     <Form Type="NewForm" Url="NewForm.aspx" SetupPath="pages\form.aspx" WebPartZoneID="Main" />  
   </Forms>  
 </MetaData>  
</List> 