{
  "$schema": "https://developer.microsoft.com/json-schemas/spfx/client-side-web-part-manifest.schema.json",
  "id": "ec6c8f73-cd47-4084-8561-be3f43ee6584",
  "alias": "AreaDetailsWebPart",
  "componentType": "WebPart",
  // The "*" signifies that the version should be taken from the package.json
  "version": "*",
  "manifestVersion": 2,
  // If true, the component can only be installed on sites where Custom Script is allowed.
  // Components that allow authors to embed arbitrary script code should set this to true.
  // https://support.office.com/en-us/article/Turn-scripting-capabilities-on-or-off-1f2c515f-5d7e-448a-9fd7-835da935584f
  "requiresCustomScript": false,
  "supportedHosts": [
    "SharePointWebPart"
  ],
  "preconfiguredEntries": [
    {
      "groupId": "5c03119e-3074-46fd-976b-c60198311f70", // Other
      "group": {
        "default": "Other"
      },
      "title": {
        "default": "Discover Areas of selected city"
      },
      "description": {
        "default": "Get your area details"
      },
      "officeFabricIconFontName": "Page",
      "properties": {
        "description": "Select your city to get all Areas in it and their details"
      }
    }
  ]
}