{
  "$schema": "https://developer.microsoft.com/json-schemas/spfx-build/package-solution.schema.json",
  "solution": {
    "name": "area-details-client-side-solution",
    "id": "24f3aff7-7f04-49f3-9ca9-6bbb481db300",
    "version": "1.0.0.0",
    "includeClientSideAssets": true,
    "isDomainIsolated": false,
    "features": [
      {
        "title": "area-details-wp-feature",
        "description": "area-details-wp-feature",
        "id": "43598ea1-9690-47a1-8908-695e509babca",
        "version": "1.0.0.0",
        "assets": {
          "elementManifests": [
            "elements.xml"
          ],
          "elementFiles": [
            "schema.xml"
          ]
        }
      }
    ],
    "developer": {
      "name": "",
      "websiteUrl": "",
      "privacyUrl": "",
      "termsOfUseUrl": "",
      "mpnId": ""
    }
  },
  "paths": {
    "zippedPackage": "solution/area-details.sppkg"
  }
}